{
  "写实男": {
    "look_name": "george_11471_new",
    "tts_vcn_id": "XMOV_HN_TTS__15",
    "is_large_model": false,
    "sta_face_id": "M_CN05_lizhengyan",
    "mp_service_id": "M_CN03_show02",
    "figure_name": "SCM20_001",
    "lite_drive_style": "lively",
    "background_img": "https://media.youyan.xyz/youyan/images/shot_layer_library/2D_background/ppt_train_02__2D_background.png",
    "frame_rate": 24,
    "optional_emotion": "",
    "auto_ka": true,
    "raw_audio": true,
    "replay": true,
    "render_preset": "1080x1920_fullbody"
  },
  "写实女": {
    "look_name": "jierong_V2_13680_new",
    "tts_vcn_id": "XMOV_HN_TTS__4",
    "is_large_model": false,
    "sta_face_id": "F_CN02_yuxuan",
    "mp_service_id": "F_CN02_show51",
    "figure_name": "SCF25_001",
    "lite_drive_style": "lively",
    "background_img": "https://media.youyan.xyz/youyan/images/shot_layer_library/2D_background/ppt_train_02__2D_background.png",
    "frame_rate": 24,
    "optional_emotion": "",
    "auto_ka": true,
    "raw_audio": true,
    "render_preset": "1080x1920_fullbody"
  },
  "卡通": {
    "look_name": "cartoon_monkey_001",
    "tts_vcn_id": "XMOV_HN_TTS__15",
    "sta_face_id": "T_MONKEY",
    "mp_service_id": "M_cartoon02_show",
    "is_large_model": false,
    "figure_name": "CARTOON_MONKEY",
    "style": "lively",
    "background_img": "https://media.youyan.xyz/youyan/images/shot_layer_library/2D_background/ppt_train_02__2D_background.png",
    "frame_rate": 24,
    "optional_emotion": "confused,smile,serious",
    "auto_ka": true,
    "raw_audio": true,
    "render_preset": "1080x1920_fullbody"
  }
}
